[{"pk": 1, "model": "qi.paper", "fields": {"picture": "papers/6.jpg", "create_date": "2013-05-23T04:41:22Z", "name": "\u793e\u4f1a\u95ee\u53771", "state": "A", "modify_date": "2013-05-23T04:41:23Z", "description": "\u793e\u4f1a\u95ee\u53771\uff0c\u6d4b\u8bd5\u6587\u5b57\u6d4b\u8bd5\u6587\u5b57\uff0c\u6d4b\u8bd5\u6587\u5b57\u6d4b\u8bd5\u6587\u5b57\uff0c\u6d4b\u8bd5\u6587\u5b57\u6d4b\u8bd5\u6587\u5b57\u3002"}}, {"pk": 21, "model": "qi.paper", "fields": {"picture": "papers/2.jpg", "create_date": "2013-05-23T05:18:04Z", "name": "\u793e\u4f1a\u95ee\u53772", "state": "A", "modify_date": "2013-05-23T05:18:06Z", "description": "\u793e\u4f1a\u95ee\u53772\uff0c\u6d4b\u8bd5\u6587\u5b57\u6d4b\u8bd5\u6587\u5b57\uff0c\u6d4b\u8bd5\u6587\u5b57\u6d4b\u8bd5\u6587\u5b57\uff0c\u6d4b\u8bd5\u6587\u5b57\u6d4b\u8bd5\u6587\u5b57\u3002"}}, {"pk": 22, "model": "qi.paper", "fields": {"picture": "papers/1.jpg", "create_date": "2013-05-23T05:24:35Z", "name": "\u5546\u4e1a\u95ee\u53771", "state": "A", "modify_date": "2013-05-23T05:24:36Z", "description": "\u5546\u4e1a\u95ee\u53771\uff0c\u6d4b\u8bd5\u6587\u5b57\u6d4b\u8bd5\u6587\u5b57\uff0c\u6d4b\u8bd5\u6587\u5b57\u6d4b\u8bd5\u6587\u5b57\uff0c\u6d4b\u8bd5\u6587\u5b57\u6d4b\u8bd5\u6587\u5b57\u3002"}}, {"pk": 23, "model": "qi.paper", "fields": {"picture": "papers/7_1.jpg", "create_date": "2013-05-23T05:27:04Z", "name": "\u5546\u4e1a\u95ee\u53772", "state": "A", "modify_date": "2013-05-23T05:27:03Z", "description": "\u5546\u4e1a\u95ee\u53772\uff0c\u6d4b\u8bd5\u6587\u5b57\u6d4b\u8bd5\u6587\u5b57\uff0c\u6d4b\u8bd5\u6587\u5b57\u6d4b\u8bd5\u6587\u5b57\uff0c\u6d4b\u8bd5\u6587\u5b57\u6d4b\u8bd5\u6587\u5b57\u3002"}}, {"pk": 41, "model": "qi.paper", "fields": {"picture": "papers/10.jpg", "create_date": "2013-05-23T14:47:53Z", "name": "\u5b66\u751f\u95ee\u53771", "state": "A", "modify_date": "2013-05-23T14:47:54Z", "description": "\u5b66\u751f\u95ee\u53771\uff0c\u6d4b\u8bd5\u6587\u5b57\u6d4b\u8bd5\u6587\u5b57\uff0c\u6d4b\u8bd5\u6587\u5b57\u6d4b\u8bd5\u6587\u5b57\uff0c\u6d4b\u8bd5\u6587\u5b57\u6d4b\u8bd5\u6587\u5b57\u3002"}}, {"pk": 42, "model": "qi.paper", "fields": {"picture": "papers/11.jpg", "create_date": "2013-05-23T14:51:11Z", "name": "\u5b66\u751f\u95ee\u53772", "state": "A", "modify_date": "2013-05-23T14:51:12Z", "description": "\u5b66\u751f\u95ee\u53772\uff0c\u6d4b\u8bd5\u6587\u5b57\u6d4b\u8bd5\u6587\u5b57\uff0c\u6d4b\u8bd5\u6587\u5b57\u6d4b\u8bd5\u6587\u5b57\uff0c\u6d4b\u8bd5\u6587\u5b57\u6d4b\u8bd5\u6587\u5b57\u3002"}}, {"pk": 43, "model": "qi.paper", "fields": {"picture": "papers/17.jpg", "create_date": "2013-05-23T14:54:22Z", "name": "\u516c\u76ca\u95ee\u53771", "state": "A", "modify_date": "2013-05-23T14:54:23Z", "description": "\u516c\u76ca\u95ee\u53771\uff0c\u6d4b\u8bd5\u6587\u5b57\u6d4b\u8bd5\u6587\u5b57\uff0c\u6d4b\u8bd5\u6587\u5b57\u6d4b\u8bd5\u6587\u5b57\uff0c\u6d4b\u8bd5\u6587\u5b57\u6d4b\u8bd5\u6587\u5b57\u3002"}}, {"pk": 44, "model": "qi.paper", "fields": {"picture": "papers/22.jpg", "create_date": "2013-05-23T14:55:01Z", "name": "\u516c\u76ca\u95ee\u53772", "state": "A", "modify_date": "2013-05-23T14:55:02Z", "description": "\u516c\u76ca\u95ee\u53772\uff0c\u6d4b\u8bd5\u6587\u5b57\u6d4b\u8bd5\u6587\u5b57\uff0c\u6d4b\u8bd5\u6587\u5b57\u6d4b\u8bd5\u6587\u5b57\uff0c\u6d4b\u8bd5\u6587\u5b57\u6d4b\u8bd5\u6587\u5b57\u3002"}}, {"pk": 45, "model": "qi.paper", "fields": {"picture": "papers/20_1.jpg", "create_date": "2013-05-23T14:56:17Z", "name": "\u6587\u5316\u95ee\u53771", "state": "A", "modify_date": "2013-05-23T14:56:19Z", "description": "\u6587\u5316\u95ee\u53771\uff0c\u6d4b\u8bd5\u6587\u5b57\u6d4b\u8bd5\u6587\u5b57\uff0c\u6d4b\u8bd5\u6587\u5b57\u6d4b\u8bd5\u6587\u5b57\uff0c\u6d4b\u8bd5\u6587\u5b57\u6d4b\u8bd5\u6587\u5b57\u3002"}}, {"pk": 46, "model": "qi.paper", "fields": {"picture": "papers/5.jpg", "create_date": "2013-05-23T14:57:07Z", "name": "\u6587\u5316\u95ee\u53772", "state": "A", "modify_date": "2013-05-23T14:57:08Z", "description": "\u6587\u5316\u95ee\u53772\uff0c\u6d4b\u8bd5\u6587\u5b57\u6d4b\u8bd5\u6587\u5b57\uff0c\u6d4b\u8bd5\u6587\u5b57\u6d4b\u8bd5\u6587\u5b57\uff0c\u6d4b\u8bd5\u6587\u5b57\u6d4b\u8bd5\u6587\u5b57\u3002"}}, {"pk": 1, "model": "qi.catalog", "fields": {"code": "root", "create_date": "2013-05-22T14:25:55Z", "name": "\u6839\u76ee\u5f55", "parent": null, "state": "A", "modify_date": "2013-05-22T14:25:57Z", "ord": 0}}, {"pk": 41, "model": "qi.catalog", "fields": {"code": "society", "create_date": "2013-05-22T15:49:19Z", "name": "\u793e\u4f1a", "parent": 1, "state": "A", "modify_date": "2013-05-22T15:49:21Z", "ord": 1}}, {"pk": 42, "model": "qi.catalog", "fields": {"code": "commerce", "create_date": "2013-05-22T15:50:12Z", "name": "\u5546\u4e1a", "parent": 1, "state": "A", "modify_date": "2013-05-22T15:50:13Z", "ord": 2}}, {"pk": 43, "model": "qi.catalog", "fields": {"code": "undergraduate", "create_date": "2013-05-22T15:51:43Z", "name": "\u5b66\u751f", "parent": 1, "state": "A", "modify_date": "2013-05-22T15:51:44Z", "ord": 3}}, {"pk": 44, "model": "qi.catalog", "fields": {"code": "culture", "create_date": "2013-05-22T15:52:35Z", "name": "\u6587\u5316", "parent": 1, "state": "A", "modify_date": "2013-05-22T15:52:35Z", "ord": 4}}, {"pk": 45, "model": "qi.catalog", "fields": {"code": "public", "create_date": "2013-05-22T15:54:19Z", "name": "\u516c\u76ca", "parent": 1, "state": "A", "modify_date": "2013-05-22T15:54:21Z", "ord": 5}}, {"pk": 61, "model": "qi.catalog", "fields": {"code": "headlines", "create_date": "2013-05-23T14:59:26Z", "name": "\u70ed\u95e8", "parent": 1, "state": "A", "modify_date": "2013-05-23T14:59:27Z", "ord": 6}}, {"pk": 1, "model": "qi.catalogpaper", "fields": {"create_date": "2013-05-23T04:42:04Z", "catalog": 41, "state": "A", "paper": 1, "modify_date": "2013-05-23T04:42:05Z", "ord": 1}}, {"pk": 21, "model": "qi.catalogpaper", "fields": {"create_date": "2013-05-23T05:17:54Z", "catalog": 41, "state": "A", "paper": 21, "modify_date": "2013-05-23T05:17:55Z", "ord": 2}}, {"pk": 22, "model": "qi.catalogpaper", "fields": {"create_date": "2013-05-23T05:24:27Z", "catalog": 42, "state": "A", "paper": 22, "modify_date": "2013-05-23T05:24:27Z", "ord": 1}}, {"pk": 23, "model": "qi.catalogpaper", "fields": {"create_date": "2013-05-23T05:26:42Z", "catalog": 42, "state": "A", "paper": 23, "modify_date": "2013-05-23T05:26:44Z", "ord": 2}}, {"pk": 41, "model": "qi.catalogpaper", "fields": {"create_date": "2013-05-23T14:48:12Z", "catalog": 43, "state": "A", "paper": 41, "modify_date": "2013-05-23T14:48:13Z", "ord": 1}}, {"pk": 42, "model": "qi.catalogpaper", "fields": {"create_date": "2013-05-23T14:51:23Z", "catalog": 43, "state": "A", "paper": 42, "modify_date": "2013-05-23T14:51:24Z", "ord": 2}}, {"pk": 43, "model": "qi.catalogpaper", "fields": {"create_date": "2013-05-23T14:54:31Z", "catalog": 45, "state": "A", "paper": 43, "modify_date": "2013-05-23T14:54:32Z", "ord": 1}}, {"pk": 44, "model": "qi.catalogpaper", "fields": {"create_date": "2013-05-23T14:55:07Z", "catalog": 45, "state": "A", "paper": 44, "modify_date": "2013-05-23T14:55:08Z", "ord": 2}}, {"pk": 45, "model": "qi.catalogpaper", "fields": {"create_date": "2013-05-23T14:56:26Z", "catalog": 44, "state": "A", "paper": 45, "modify_date": "2013-05-23T14:56:27Z", "ord": 1}}, {"pk": 46, "model": "qi.catalogpaper", "fields": {"create_date": "2013-05-23T14:57:16Z", "catalog": 44, "state": "A", "paper": 46, "modify_date": "2013-05-23T14:57:17Z", "ord": 2}}, {"pk": 61, "model": "qi.catalogpaper", "fields": {"create_date": "2013-05-23T15:02:47Z", "catalog": 61, "state": "A", "paper": 1, "modify_date": "2013-05-23T15:02:48Z", "ord": 1}}, {"pk": 62, "model": "qi.catalogpaper", "fields": {"create_date": "2013-05-23T15:03:09Z", "catalog": 61, "state": "A", "paper": 22, "modify_date": "2013-05-23T15:03:09Z", "ord": 2}}, {"pk": 64, "model": "qi.catalogpaper", "fields": {"create_date": "2013-05-23T15:04:32Z", "catalog": 61, "state": "A", "paper": 41, "modify_date": "2013-05-23T15:04:33Z", "ord": 3}}, {"pk": 65, "model": "qi.catalogpaper", "fields": {"create_date": "2013-05-23T15:04:51Z", "catalog": 61, "state": "A", "paper": 43, "modify_date": "2013-05-23T15:04:52Z", "ord": 4}}, {"pk": 66, "model": "qi.catalogpaper", "fields": {"create_date": "2013-05-23T15:05:22Z", "catalog": 61, "state": "A", "paper": 45, "modify_date": "2013-05-23T15:05:23Z", "ord": 5}}, {"pk": 21, "model": "qi.questiontype", "fields": {"code": "singleselect", "create_date": "2013-05-24T14:00:37Z", "name": "\u5355\u9009", "state": "A", "modify_date": "2013-05-24T14:00:38Z", "ord": 1, "description": "\u5355\u9009"}}, {"pk": 41, "model": "qi.questiontype", "fields": {"code": "multiselect", "create_date": "2013-05-24T14:53:51Z", "name": "\u591a\u9009", "state": "A", "modify_date": "2013-05-24T14:53:52Z", "ord": 2, "description": "\u591a\u9009"}}, {"pk": 1, "model": "qi.question", "fields": {"code": "(1)", "create_date": "2013-05-24T14:02:10Z", "title": "\u516c\u76ca\u95ee\u53771--\u7b2c1\u9898?", "state": "A", "paper": 43, "modify_date": "2013-05-24T14:02:10Z", "ord": 1, "type": 21}}, {"pk": 71, "model": "qi.question", "fields": {"code": "(1)", "create_date": "2013-05-24T22:19:50Z", "title": "\u793e\u4f1a\u95ee\u53771--\u7b2c1\u9898?", "state": "A", "paper": 1, "modify_date": "2013-05-24T22:19:50Z", "ord": 1, "type": 21}}, {"pk": 72, "model": "qi.question", "fields": {"code": "(1)", "create_date": "2013-05-24T22:19:50Z", "title": "\u793e\u4f1a\u95ee\u53772--\u7b2c1\u9898?", "state": "A", "paper": 21, "modify_date": "2013-05-24T22:19:50Z", "ord": 1, "type": 21}}, {"pk": 73, "model": "qi.question", "fields": {"code": "(1)", "create_date": "2013-05-24T22:19:50Z", "title": "\u5546\u4e1a\u95ee\u53771--\u7b2c1\u9898?", "state": "A", "paper": 22, "modify_date": "2013-05-24T22:19:50Z", "ord": 1, "type": 21}}, {"pk": 74, "model": "qi.question", "fields": {"code": "(1)", "create_date": "2013-05-24T22:19:50Z", "title": "\u5546\u4e1a\u95ee\u53772--\u7b2c1\u9898?", "state": "A", "paper": 23, "modify_date": "2013-05-24T22:19:50Z", "ord": 1, "type": 21}}, {"pk": 75, "model": "qi.question", "fields": {"code": "(1)", "create_date": "2013-05-24T22:19:50Z", "title": "\u5b66\u751f\u95ee\u53771--\u7b2c1\u9898?", "state": "A", "paper": 41, "modify_date": "2013-05-24T22:19:50Z", "ord": 1, "type": 21}}, {"pk": 76, "model": "qi.question", "fields": {"code": "(1)", "create_date": "2013-05-24T22:19:50Z", "title": "\u5b66\u751f\u95ee\u53772--\u7b2c1\u9898?", "state": "A", "paper": 42, "modify_date": "2013-05-24T22:19:50Z", "ord": 1, "type": 21}}, {"pk": 78, "model": "qi.question", "fields": {"code": "(1)", "create_date": "2013-05-24T22:19:50Z", "title": "\u516c\u76ca\u95ee\u53772--\u7b2c1\u9898?", "state": "A", "paper": 44, "modify_date": "2013-05-24T22:19:50Z", "ord": 1, "type": 21}}, {"pk": 79, "model": "qi.question", "fields": {"code": "(1)", "create_date": "2013-05-24T22:19:50Z", "title": "\u6587\u5316\u95ee\u53771--\u7b2c1\u9898?", "state": "A", "paper": 45, "modify_date": "2013-05-24T22:19:50Z", "ord": 1, "type": 21}}, {"pk": 80, "model": "qi.question", "fields": {"code": "(1)", "create_date": "2013-05-24T22:19:50Z", "title": "\u6587\u5316\u95ee\u53772--\u7b2c1\u9898?", "state": "A", "paper": 46, "modify_date": "2013-05-24T22:19:50Z", "ord": 1, "type": 21}}, {"pk": 81, "model": "qi.question", "fields": {"code": "(2)", "create_date": "2013-05-24T22:19:50Z", "title": "\u793e\u4f1a\u95ee\u53771--\u7b2c2\u9898?", "state": "A", "paper": 1, "modify_date": "2013-05-24T22:19:50Z", "ord": 2, "type": 21}}, {"pk": 82, "model": "qi.question", "fields": {"code": "(2)", "create_date": "2013-05-24T22:19:50Z", "title": "\u793e\u4f1a\u95ee\u53772--\u7b2c2\u9898?", "state": "A", "paper": 21, "modify_date": "2013-05-24T22:19:50Z", "ord": 2, "type": 21}}, {"pk": 83, "model": "qi.question", "fields": {"code": "(2)", "create_date": "2013-05-24T22:19:50Z", "title": "\u5546\u4e1a\u95ee\u53771--\u7b2c2\u9898?", "state": "A", "paper": 22, "modify_date": "2013-05-24T22:19:50Z", "ord": 2, "type": 21}}, {"pk": 84, "model": "qi.question", "fields": {"code": "(2)", "create_date": "2013-05-24T22:19:50Z", "title": "\u5546\u4e1a\u95ee\u53772--\u7b2c2\u9898?", "state": "A", "paper": 23, "modify_date": "2013-05-24T22:19:50Z", "ord": 2, "type": 21}}, {"pk": 85, "model": "qi.question", "fields": {"code": "(2)", "create_date": "2013-05-24T22:19:50Z", "title": "\u5b66\u751f\u95ee\u53771--\u7b2c2\u9898?", "state": "A", "paper": 41, "modify_date": "2013-05-24T22:19:50Z", "ord": 2, "type": 21}}, {"pk": 86, "model": "qi.question", "fields": {"code": "(2)", "create_date": "2013-05-24T22:19:50Z", "title": "\u5b66\u751f\u95ee\u53772--\u7b2c2\u9898?", "state": "A", "paper": 42, "modify_date": "2013-05-24T22:19:50Z", "ord": 2, "type": 21}}, {"pk": 87, "model": "qi.question", "fields": {"code": "(2)", "create_date": "2013-05-24T22:19:50Z", "title": "\u516c\u76ca\u95ee\u53771--\u7b2c2\u9898?", "state": "A", "paper": 43, "modify_date": "2013-05-24T22:19:50Z", "ord": 2, "type": 21}}, {"pk": 88, "model": "qi.question", "fields": {"code": "(2)", "create_date": "2013-05-24T22:19:50Z", "title": "\u516c\u76ca\u95ee\u53772--\u7b2c2\u9898?", "state": "A", "paper": 44, "modify_date": "2013-05-24T22:19:50Z", "ord": 2, "type": 21}}, {"pk": 89, "model": "qi.question", "fields": {"code": "(2)", "create_date": "2013-05-24T22:19:50Z", "title": "\u6587\u5316\u95ee\u53771--\u7b2c2\u9898?", "state": "A", "paper": 45, "modify_date": "2013-05-24T22:19:50Z", "ord": 2, "type": 21}}, {"pk": 90, "model": "qi.question", "fields": {"code": "(2)", "create_date": "2013-05-24T22:19:50Z", "title": "\u6587\u5316\u95ee\u53772--\u7b2c2\u9898?", "state": "A", "paper": 46, "modify_date": "2013-05-24T22:19:50Z", "ord": 2, "type": 21}}, {"pk": 91, "model": "qi.question", "fields": {"code": "(3)", "create_date": "2013-05-24T22:19:50Z", "title": "\u793e\u4f1a\u95ee\u53771--\u7b2c3\u9898?", "state": "A", "paper": 1, "modify_date": "2013-05-24T22:19:50Z", "ord": 3, "type": 21}}, {"pk": 92, "model": "qi.question", "fields": {"code": "(3)", "create_date": "2013-05-24T22:19:50Z", "title": "\u793e\u4f1a\u95ee\u53772--\u7b2c3\u9898?", "state": "A", "paper": 21, "modify_date": "2013-05-24T22:19:50Z", "ord": 3, "type": 21}}, {"pk": 93, "model": "qi.question", "fields": {"code": "(3)", "create_date": "2013-05-24T22:19:50Z", "title": "\u5546\u4e1a\u95ee\u53771--\u7b2c3\u9898?", "state": "A", "paper": 22, "modify_date": "2013-05-24T22:19:50Z", "ord": 3, "type": 21}}, {"pk": 94, "model": "qi.question", "fields": {"code": "(3)", "create_date": "2013-05-24T22:19:50Z", "title": "\u5546\u4e1a\u95ee\u53772--\u7b2c3\u9898?", "state": "A", "paper": 23, "modify_date": "2013-05-24T22:19:50Z", "ord": 3, "type": 21}}, {"pk": 95, "model": "qi.question", "fields": {"code": "(3)", "create_date": "2013-05-24T22:19:50Z", "title": "\u5b66\u751f\u95ee\u53771--\u7b2c3\u9898?", "state": "A", "paper": 41, "modify_date": "2013-05-24T22:19:50Z", "ord": 3, "type": 21}}, {"pk": 96, "model": "qi.question", "fields": {"code": "(3)", "create_date": "2013-05-24T22:19:50Z", "title": "\u5b66\u751f\u95ee\u53772--\u7b2c3\u9898?", "state": "A", "paper": 42, "modify_date": "2013-05-24T22:19:50Z", "ord": 3, "type": 21}}, {"pk": 97, "model": "qi.question", "fields": {"code": "(3)", "create_date": "2013-05-24T22:19:50Z", "title": "\u516c\u76ca\u95ee\u53771--\u7b2c3\u9898?", "state": "A", "paper": 43, "modify_date": "2013-05-24T22:19:50Z", "ord": 3, "type": 21}}, {"pk": 98, "model": "qi.question", "fields": {"code": "(3)", "create_date": "2013-05-24T22:19:50Z", "title": "\u516c\u76ca\u95ee\u53772--\u7b2c3\u9898?", "state": "A", "paper": 44, "modify_date": "2013-05-24T22:19:50Z", "ord": 3, "type": 21}}, {"pk": 99, "model": "qi.question", "fields": {"code": "(3)", "create_date": "2013-05-24T22:19:50Z", "title": "\u6587\u5316\u95ee\u53771--\u7b2c3\u9898?", "state": "A", "paper": 45, "modify_date": "2013-05-24T22:19:50Z", "ord": 3, "type": 21}}, {"pk": 100, "model": "qi.question", "fields": {"code": "(3)", "create_date": "2013-05-24T22:19:50Z", "title": "\u6587\u5316\u95ee\u53772--\u7b2c3\u9898?", "state": "A", "paper": 46, "modify_date": "2013-05-24T22:19:50Z", "ord": 3, "type": 21}}, {"pk": 101, "model": "qi.question", "fields": {"code": "(4)", "create_date": "2013-05-24T22:19:50Z", "title": "\u793e\u4f1a\u95ee\u53771--\u7b2c4\u9898?", "state": "A", "paper": 1, "modify_date": "2013-05-24T22:19:50Z", "ord": 4, "type": 21}}, {"pk": 102, "model": "qi.question", "fields": {"code": "(4)", "create_date": "2013-05-24T22:19:50Z", "title": "\u793e\u4f1a\u95ee\u53772--\u7b2c4\u9898?", "state": "A", "paper": 21, "modify_date": "2013-05-24T22:19:50Z", "ord": 4, "type": 21}}, {"pk": 103, "model": "qi.question", "fields": {"code": "(4)", "create_date": "2013-05-24T22:19:50Z", "title": "\u5546\u4e1a\u95ee\u53771--\u7b2c4\u9898?", "state": "A", "paper": 22, "modify_date": "2013-05-24T22:19:50Z", "ord": 4, "type": 21}}, {"pk": 104, "model": "qi.question", "fields": {"code": "(4)", "create_date": "2013-05-24T22:19:50Z", "title": "\u5546\u4e1a\u95ee\u53772--\u7b2c4\u9898?", "state": "A", "paper": 23, "modify_date": "2013-05-24T22:19:50Z", "ord": 4, "type": 21}}, {"pk": 105, "model": "qi.question", "fields": {"code": "(4)", "create_date": "2013-05-24T22:19:50Z", "title": "\u5b66\u751f\u95ee\u53771--\u7b2c4\u9898?", "state": "A", "paper": 41, "modify_date": "2013-05-24T22:19:50Z", "ord": 4, "type": 21}}, {"pk": 106, "model": "qi.question", "fields": {"code": "(4)", "create_date": "2013-05-24T22:19:50Z", "title": "\u5b66\u751f\u95ee\u53772--\u7b2c4\u9898?", "state": "A", "paper": 42, "modify_date": "2013-05-24T22:19:50Z", "ord": 4, "type": 21}}, {"pk": 107, "model": "qi.question", "fields": {"code": "(4)", "create_date": "2013-05-24T22:19:50Z", "title": "\u516c\u76ca\u95ee\u53771--\u7b2c4\u9898?", "state": "A", "paper": 43, "modify_date": "2013-05-24T22:19:50Z", "ord": 4, "type": 21}}, {"pk": 108, "model": "qi.question", "fields": {"code": "(4)", "create_date": "2013-05-24T22:19:50Z", "title": "\u516c\u76ca\u95ee\u53772--\u7b2c4\u9898?", "state": "A", "paper": 44, "modify_date": "2013-05-24T22:19:50Z", "ord": 4, "type": 21}}, {"pk": 109, "model": "qi.question", "fields": {"code": "(4)", "create_date": "2013-05-24T22:19:50Z", "title": "\u6587\u5316\u95ee\u53771--\u7b2c4\u9898?", "state": "A", "paper": 45, "modify_date": "2013-05-24T22:19:50Z", "ord": 4, "type": 21}}, {"pk": 110, "model": "qi.question", "fields": {"code": "(4)", "create_date": "2013-05-24T22:19:50Z", "title": "\u6587\u5316\u95ee\u53772--\u7b2c4\u9898?", "state": "A", "paper": 46, "modify_date": "2013-05-24T22:19:50Z", "ord": 4, "type": 21}}, {"pk": 111, "model": "qi.question", "fields": {"code": "(5)", "create_date": "2013-05-24T22:19:50Z", "title": "\u793e\u4f1a\u95ee\u53771--\u7b2c5\u9898?", "state": "A", "paper": 1, "modify_date": "2013-05-24T22:19:50Z", "ord": 5, "type": 21}}, {"pk": 112, "model": "qi.question", "fields": {"code": "(5)", "create_date": "2013-05-24T22:19:50Z", "title": "\u793e\u4f1a\u95ee\u53772--\u7b2c5\u9898?", "state": "A", "paper": 21, "modify_date": "2013-05-24T22:19:50Z", "ord": 5, "type": 21}}, {"pk": 113, "model": "qi.question", "fields": {"code": "(5)", "create_date": "2013-05-24T22:19:50Z", "title": "\u5546\u4e1a\u95ee\u53771--\u7b2c5\u9898?", "state": "A", "paper": 22, "modify_date": "2013-05-24T22:19:50Z", "ord": 5, "type": 21}}, {"pk": 114, "model": "qi.question", "fields": {"code": "(5)", "create_date": "2013-05-24T22:19:50Z", "title": "\u5546\u4e1a\u95ee\u53772--\u7b2c5\u9898?", "state": "A", "paper": 23, "modify_date": "2013-05-24T22:19:50Z", "ord": 5, "type": 21}}, {"pk": 115, "model": "qi.question", "fields": {"code": "(5)", "create_date": "2013-05-24T22:19:50Z", "title": "\u5b66\u751f\u95ee\u53771--\u7b2c5\u9898?", "state": "A", "paper": 41, "modify_date": "2013-05-24T22:19:50Z", "ord": 5, "type": 21}}, {"pk": 116, "model": "qi.question", "fields": {"code": "(5)", "create_date": "2013-05-24T22:19:50Z", "title": "\u5b66\u751f\u95ee\u53772--\u7b2c5\u9898?", "state": "A", "paper": 42, "modify_date": "2013-05-24T22:19:50Z", "ord": 5, "type": 21}}, {"pk": 117, "model": "qi.question", "fields": {"code": "(5)", "create_date": "2013-05-24T22:19:50Z", "title": "\u516c\u76ca\u95ee\u53771--\u7b2c5\u9898?", "state": "A", "paper": 43, "modify_date": "2013-05-24T22:19:50Z", "ord": 5, "type": 21}}, {"pk": 118, "model": "qi.question", "fields": {"code": "(5)", "create_date": "2013-05-24T22:19:50Z", "title": "\u516c\u76ca\u95ee\u53772--\u7b2c5\u9898?", "state": "A", "paper": 44, "modify_date": "2013-05-24T22:19:50Z", "ord": 5, "type": 21}}, {"pk": 119, "model": "qi.question", "fields": {"code": "(5)", "create_date": "2013-05-24T22:19:50Z", "title": "\u6587\u5316\u95ee\u53771--\u7b2c5\u9898?", "state": "A", "paper": 45, "modify_date": "2013-05-24T22:19:50Z", "ord": 5, "type": 21}}, {"pk": 120, "model": "qi.question", "fields": {"code": "(5)", "create_date": "2013-05-24T22:19:50Z", "title": "\u6587\u5316\u95ee\u53772--\u7b2c5\u9898?", "state": "A", "paper": 46, "modify_date": "2013-05-24T22:19:50Z", "ord": 5, "type": 21}}, {"pk": 1, "model": "qi.choicetype", "fields": {"code": "option", "create_date": "2013-05-24T14:37:44Z", "name": "\u9009\u9879", "state": "A", "modify_date": "2013-05-24T14:37:45Z", "ord": 1, "description": "\u9009\u9879"}}, {"pk": 21, "model": "qi.choicetype", "fields": {"code": "other", "create_date": "2013-05-24T14:49:55Z", "name": "\u5176\u4ed6\u5907\u6ce8", "state": "A", "modify_date": "2013-05-24T14:49:57Z", "ord": 2, "description": "\u5176\u4ed6\u5907\u6ce8"}}, {"pk": 202, "model": "qi.choice", "fields": {"code": "(A)", "create_date": "2013-05-24T22:47:23Z", "text": "\u516c\u76ca\u95ee\u53771--\u7b2c1\u9898?--\u9009\u9879A", "question": 1, "state": "A", "modify_date": "2013-05-24T22:47:23Z", "ord": 1, "type": 1}}, {"pk": 203, "model": "qi.choice", "fields": {"code": "(A)", "create_date": "2013-05-24T22:47:23Z", "text": "\u793e\u4f1a\u95ee\u53771--\u7b2c1\u9898?--\u9009\u9879A", "question": 71, "state": "A", "modify_date": "2013-05-24T22:47:23Z", "ord": 1, "type": 1}}, {"pk": 204, "model": "qi.choice", "fields": {"code": "(A)", "create_date": "2013-05-24T22:47:23Z", "text": "\u793e\u4f1a\u95ee\u53772--\u7b2c1\u9898?--\u9009\u9879A", "question": 72, "state": "A", "modify_date": "2013-05-24T22:47:23Z", "ord": 1, "type": 1}}, {"pk": 205, "model": "qi.choice", "fields": {"code": "(A)", "create_date": "2013-05-24T22:47:23Z", "text": "\u5546\u4e1a\u95ee\u53771--\u7b2c1\u9898?--\u9009\u9879A", "question": 73, "state": "A", "modify_date": "2013-05-24T22:47:23Z", "ord": 1, "type": 1}}, {"pk": 206, "model": "qi.choice", "fields": {"code": "(A)", "create_date": "2013-05-24T22:47:23Z", "text": "\u5546\u4e1a\u95ee\u53772--\u7b2c1\u9898?--\u9009\u9879A", "question": 74, "state": "A", "modify_date": "2013-05-24T22:47:23Z", "ord": 1, "type": 1}}, {"pk": 207, "model": "qi.choice", "fields": {"code": "(A)", "create_date": "2013-05-24T22:47:23Z", "text": "\u5b66\u751f\u95ee\u53771--\u7b2c1\u9898?--\u9009\u9879A", "question": 75, "state": "A", "modify_date": "2013-05-24T22:47:23Z", "ord": 1, "type": 1}}, {"pk": 208, "model": "qi.choice", "fields": {"code": "(A)", "create_date": "2013-05-24T22:47:23Z", "text": "\u5b66\u751f\u95ee\u53772--\u7b2c1\u9898?--\u9009\u9879A", "question": 76, "state": "A", "modify_date": "2013-05-24T22:47:23Z", "ord": 1, "type": 1}}, {"pk": 209, "model": "qi.choice", "fields": {"code": "(A)", "create_date": "2013-05-24T22:47:23Z", "text": "\u516c\u76ca\u95ee\u53772--\u7b2c1\u9898?--\u9009\u9879A", "question": 78, "state": "A", "modify_date": "2013-05-24T22:47:23Z", "ord": 1, "type": 1}}, {"pk": 210, "model": "qi.choice", "fields": {"code": "(A)", "create_date": "2013-05-24T22:47:23Z", "text": "\u6587\u5316\u95ee\u53771--\u7b2c1\u9898?--\u9009\u9879A", "question": 79, "state": "A", "modify_date": "2013-05-24T22:47:23Z", "ord": 1, "type": 1}}, {"pk": 211, "model": "qi.choice", "fields": {"code": "(A)", "create_date": "2013-05-24T22:47:23Z", "text": "\u6587\u5316\u95ee\u53772--\u7b2c1\u9898?--\u9009\u9879A", "question": 80, "state": "A", "modify_date": "2013-05-24T22:47:23Z", "ord": 1, "type": 1}}, {"pk": 212, "model": "qi.choice", "fields": {"code": "(A)", "create_date": "2013-05-24T22:47:23Z", "text": "\u793e\u4f1a\u95ee\u53771--\u7b2c2\u9898?--\u9009\u9879A", "question": 81, "state": "A", "modify_date": "2013-05-24T22:47:23Z", "ord": 1, "type": 1}}, {"pk": 213, "model": "qi.choice", "fields": {"code": "(A)", "create_date": "2013-05-24T22:47:23Z", "text": "\u793e\u4f1a\u95ee\u53772--\u7b2c2\u9898?--\u9009\u9879A", "question": 82, "state": "A", "modify_date": "2013-05-24T22:47:23Z", "ord": 1, "type": 1}}, {"pk": 214, "model": "qi.choice", "fields": {"code": "(A)", "create_date": "2013-05-24T22:47:23Z", "text": "\u5546\u4e1a\u95ee\u53771--\u7b2c2\u9898?--\u9009\u9879A", "question": 83, "state": "A", "modify_date": "2013-05-24T22:47:23Z", "ord": 1, "type": 1}}, {"pk": 215, "model": "qi.choice", "fields": {"code": "(A)", "create_date": "2013-05-24T22:47:23Z", "text": "\u5546\u4e1a\u95ee\u53772--\u7b2c2\u9898?--\u9009\u9879A", "question": 84, "state": "A", "modify_date": "2013-05-24T22:47:23Z", "ord": 1, "type": 1}}, {"pk": 216, "model": "qi.choice", "fields": {"code": "(A)", "create_date": "2013-05-24T22:47:23Z", "text": "\u5b66\u751f\u95ee\u53771--\u7b2c2\u9898?--\u9009\u9879A", "question": 85, "state": "A", "modify_date": "2013-05-24T22:47:23Z", "ord": 1, "type": 1}}, {"pk": 217, "model": "qi.choice", "fields": {"code": "(A)", "create_date": "2013-05-24T22:47:23Z", "text": "\u5b66\u751f\u95ee\u53772--\u7b2c2\u9898?--\u9009\u9879A", "question": 86, "state": "A", "modify_date": "2013-05-24T22:47:23Z", "ord": 1, "type": 1}}, {"pk": 218, "model": "qi.choice", "fields": {"code": "(A)", "create_date": "2013-05-24T22:47:23Z", "text": "\u516c\u76ca\u95ee\u53771--\u7b2c2\u9898?--\u9009\u9879A", "question": 87, "state": "A", "modify_date": "2013-05-24T22:47:23Z", "ord": 1, "type": 1}}, {"pk": 219, "model": "qi.choice", "fields": {"code": "(A)", "create_date": "2013-05-24T22:47:23Z", "text": "\u516c\u76ca\u95ee\u53772--\u7b2c2\u9898?--\u9009\u9879A", "question": 88, "state": "A", "modify_date": "2013-05-24T22:47:23Z", "ord": 1, "type": 1}}, {"pk": 220, "model": "qi.choice", "fields": {"code": "(A)", "create_date": "2013-05-24T22:47:23Z", "text": "\u6587\u5316\u95ee\u53771--\u7b2c2\u9898?--\u9009\u9879A", "question": 89, "state": "A", "modify_date": "2013-05-24T22:47:23Z", "ord": 1, "type": 1}}, {"pk": 221, "model": "qi.choice", "fields": {"code": "(A)", "create_date": "2013-05-24T22:47:23Z", "text": "\u6587\u5316\u95ee\u53772--\u7b2c2\u9898?--\u9009\u9879A", "question": 90, "state": "A", "modify_date": "2013-05-24T22:47:23Z", "ord": 1, "type": 1}}, {"pk": 222, "model": "qi.choice", "fields": {"code": "(A)", "create_date": "2013-05-24T22:47:23Z", "text": "\u793e\u4f1a\u95ee\u53771--\u7b2c3\u9898?--\u9009\u9879A", "question": 91, "state": "A", "modify_date": "2013-05-24T22:47:23Z", "ord": 1, "type": 1}}, {"pk": 223, "model": "qi.choice", "fields": {"code": "(A)", "create_date": "2013-05-24T22:47:23Z", "text": "\u793e\u4f1a\u95ee\u53772--\u7b2c3\u9898?--\u9009\u9879A", "question": 92, "state": "A", "modify_date": "2013-05-24T22:47:23Z", "ord": 1, "type": 1}}, {"pk": 224, "model": "qi.choice", "fields": {"code": "(A)", "create_date": "2013-05-24T22:47:23Z", "text": "\u5546\u4e1a\u95ee\u53771--\u7b2c3\u9898?--\u9009\u9879A", "question": 93, "state": "A", "modify_date": "2013-05-24T22:47:23Z", "ord": 1, "type": 1}}, {"pk": 225, "model": "qi.choice", "fields": {"code": "(A)", "create_date": "2013-05-24T22:47:23Z", "text": "\u5546\u4e1a\u95ee\u53772--\u7b2c3\u9898?--\u9009\u9879A", "question": 94, "state": "A", "modify_date": "2013-05-24T22:47:23Z", "ord": 1, "type": 1}}, {"pk": 226, "model": "qi.choice", "fields": {"code": "(A)", "create_date": "2013-05-24T22:47:23Z", "text": "\u5b66\u751f\u95ee\u53771--\u7b2c3\u9898?--\u9009\u9879A", "question": 95, "state": "A", "modify_date": "2013-05-24T22:47:23Z", "ord": 1, "type": 1}}, {"pk": 227, "model": "qi.choice", "fields": {"code": "(A)", "create_date": "2013-05-24T22:47:23Z", "text": "\u5b66\u751f\u95ee\u53772--\u7b2c3\u9898?--\u9009\u9879A", "question": 96, "state": "A", "modify_date": "2013-05-24T22:47:23Z", "ord": 1, "type": 1}}, {"pk": 228, "model": "qi.choice", "fields": {"code": "(A)", "create_date": "2013-05-24T22:47:23Z", "text": "\u516c\u76ca\u95ee\u53771--\u7b2c3\u9898?--\u9009\u9879A", "question": 97, "state": "A", "modify_date": "2013-05-24T22:47:23Z", "ord": 1, "type": 1}}, {"pk": 229, "model": "qi.choice", "fields": {"code": "(A)", "create_date": "2013-05-24T22:47:23Z", "text": "\u516c\u76ca\u95ee\u53772--\u7b2c3\u9898?--\u9009\u9879A", "question": 98, "state": "A", "modify_date": "2013-05-24T22:47:23Z", "ord": 1, "type": 1}}, {"pk": 230, "model": "qi.choice", "fields": {"code": "(A)", "create_date": "2013-05-24T22:47:23Z", "text": "\u6587\u5316\u95ee\u53771--\u7b2c3\u9898?--\u9009\u9879A", "question": 99, "state": "A", "modify_date": "2013-05-24T22:47:23Z", "ord": 1, "type": 1}}, {"pk": 231, "model": "qi.choice", "fields": {"code": "(A)", "create_date": "2013-05-24T22:47:23Z", "text": "\u6587\u5316\u95ee\u53772--\u7b2c3\u9898?--\u9009\u9879A", "question": 100, "state": "A", "modify_date": "2013-05-24T22:47:23Z", "ord": 1, "type": 1}}, {"pk": 232, "model": "qi.choice", "fields": {"code": "(A)", "create_date": "2013-05-24T22:47:23Z", "text": "\u793e\u4f1a\u95ee\u53771--\u7b2c4\u9898?--\u9009\u9879A", "question": 101, "state": "A", "modify_date": "2013-05-24T22:47:23Z", "ord": 1, "type": 1}}, {"pk": 233, "model": "qi.choice", "fields": {"code": "(A)", "create_date": "2013-05-24T22:47:23Z", "text": "\u793e\u4f1a\u95ee\u53772--\u7b2c4\u9898?--\u9009\u9879A", "question": 102, "state": "A", "modify_date": "2013-05-24T22:47:23Z", "ord": 1, "type": 1}}, {"pk": 234, "model": "qi.choice", "fields": {"code": "(A)", "create_date": "2013-05-24T22:47:23Z", "text": "\u5546\u4e1a\u95ee\u53771--\u7b2c4\u9898?--\u9009\u9879A", "question": 103, "state": "A", "modify_date": "2013-05-24T22:47:23Z", "ord": 1, "type": 1}}, {"pk": 235, "model": "qi.choice", "fields": {"code": "(A)", "create_date": "2013-05-24T22:47:23Z", "text": "\u5546\u4e1a\u95ee\u53772--\u7b2c4\u9898?--\u9009\u9879A", "question": 104, "state": "A", "modify_date": "2013-05-24T22:47:23Z", "ord": 1, "type": 1}}, {"pk": 236, "model": "qi.choice", "fields": {"code": "(A)", "create_date": "2013-05-24T22:47:23Z", "text": "\u5b66\u751f\u95ee\u53771--\u7b2c4\u9898?--\u9009\u9879A", "question": 105, "state": "A", "modify_date": "2013-05-24T22:47:23Z", "ord": 1, "type": 1}}, {"pk": 237, "model": "qi.choice", "fields": {"code": "(A)", "create_date": "2013-05-24T22:47:23Z", "text": "\u5b66\u751f\u95ee\u53772--\u7b2c4\u9898?--\u9009\u9879A", "question": 106, "state": "A", "modify_date": "2013-05-24T22:47:23Z", "ord": 1, "type": 1}}, {"pk": 238, "model": "qi.choice", "fields": {"code": "(A)", "create_date": "2013-05-24T22:47:23Z", "text": "\u516c\u76ca\u95ee\u53771--\u7b2c4\u9898?--\u9009\u9879A", "question": 107, "state": "A", "modify_date": "2013-05-24T22:47:23Z", "ord": 1, "type": 1}}, {"pk": 239, "model": "qi.choice", "fields": {"code": "(A)", "create_date": "2013-05-24T22:47:23Z", "text": "\u516c\u76ca\u95ee\u53772--\u7b2c4\u9898?--\u9009\u9879A", "question": 108, "state": "A", "modify_date": "2013-05-24T22:47:23Z", "ord": 1, "type": 1}}, {"pk": 240, "model": "qi.choice", "fields": {"code": "(A)", "create_date": "2013-05-24T22:47:23Z", "text": "\u6587\u5316\u95ee\u53771--\u7b2c4\u9898?--\u9009\u9879A", "question": 109, "state": "A", "modify_date": "2013-05-24T22:47:23Z", "ord": 1, "type": 1}}, {"pk": 241, "model": "qi.choice", "fields": {"code": "(A)", "create_date": "2013-05-24T22:47:23Z", "text": "\u6587\u5316\u95ee\u53772--\u7b2c4\u9898?--\u9009\u9879A", "question": 110, "state": "A", "modify_date": "2013-05-24T22:47:23Z", "ord": 1, "type": 1}}, {"pk": 242, "model": "qi.choice", "fields": {"code": "(A)", "create_date": "2013-05-24T22:47:23Z", "text": "\u793e\u4f1a\u95ee\u53771--\u7b2c5\u9898?--\u9009\u9879A", "question": 111, "state": "A", "modify_date": "2013-05-24T22:47:23Z", "ord": 1, "type": 1}}, {"pk": 243, "model": "qi.choice", "fields": {"code": "(A)", "create_date": "2013-05-24T22:47:23Z", "text": "\u793e\u4f1a\u95ee\u53772--\u7b2c5\u9898?--\u9009\u9879A", "question": 112, "state": "A", "modify_date": "2013-05-24T22:47:23Z", "ord": 1, "type": 1}}, {"pk": 244, "model": "qi.choice", "fields": {"code": "(A)", "create_date": "2013-05-24T22:47:23Z", "text": "\u5546\u4e1a\u95ee\u53771--\u7b2c5\u9898?--\u9009\u9879A", "question": 113, "state": "A", "modify_date": "2013-05-24T22:47:23Z", "ord": 1, "type": 1}}, {"pk": 245, "model": "qi.choice", "fields": {"code": "(A)", "create_date": "2013-05-24T22:47:23Z", "text": "\u5546\u4e1a\u95ee\u53772--\u7b2c5\u9898?--\u9009\u9879A", "question": 114, "state": "A", "modify_date": "2013-05-24T22:47:23Z", "ord": 1, "type": 1}}, {"pk": 246, "model": "qi.choice", "fields": {"code": "(A)", "create_date": "2013-05-24T22:47:23Z", "text": "\u5b66\u751f\u95ee\u53771--\u7b2c5\u9898?--\u9009\u9879A", "question": 115, "state": "A", "modify_date": "2013-05-24T22:47:23Z", "ord": 1, "type": 1}}, {"pk": 247, "model": "qi.choice", "fields": {"code": "(A)", "create_date": "2013-05-24T22:47:23Z", "text": "\u5b66\u751f\u95ee\u53772--\u7b2c5\u9898?--\u9009\u9879A", "question": 116, "state": "A", "modify_date": "2013-05-24T22:47:23Z", "ord": 1, "type": 1}}, {"pk": 248, "model": "qi.choice", "fields": {"code": "(A)", "create_date": "2013-05-24T22:47:23Z", "text": "\u516c\u76ca\u95ee\u53771--\u7b2c5\u9898?--\u9009\u9879A", "question": 117, "state": "A", "modify_date": "2013-05-24T22:47:23Z", "ord": 1, "type": 1}}, {"pk": 249, "model": "qi.choice", "fields": {"code": "(A)", "create_date": "2013-05-24T22:47:23Z", "text": "\u516c\u76ca\u95ee\u53772--\u7b2c5\u9898?--\u9009\u9879A", "question": 118, "state": "A", "modify_date": "2013-05-24T22:47:23Z", "ord": 1, "type": 1}}, {"pk": 250, "model": "qi.choice", "fields": {"code": "(A)", "create_date": "2013-05-24T22:47:23Z", "text": "\u6587\u5316\u95ee\u53771--\u7b2c5\u9898?--\u9009\u9879A", "question": 119, "state": "A", "modify_date": "2013-05-24T22:47:23Z", "ord": 1, "type": 1}}, {"pk": 251, "model": "qi.choice", "fields": {"code": "(A)", "create_date": "2013-05-24T22:47:23Z", "text": "\u6587\u5316\u95ee\u53772--\u7b2c5\u9898?--\u9009\u9879A", "question": 120, "state": "A", "modify_date": "2013-05-24T22:47:23Z", "ord": 1, "type": 1}}, {"pk": 252, "model": "qi.choice", "fields": {"code": "(B)", "create_date": "2013-05-24T22:47:23Z", "text": "\u516c\u76ca\u95ee\u53771--\u7b2c1\u9898?--\u9009\u9879B", "question": 1, "state": "A", "modify_date": "2013-05-24T22:47:23Z", "ord": 2, "type": 1}}, {"pk": 253, "model": "qi.choice", "fields": {"code": "(B)", "create_date": "2013-05-24T22:47:23Z", "text": "\u793e\u4f1a\u95ee\u53771--\u7b2c1\u9898?--\u9009\u9879B", "question": 71, "state": "A", "modify_date": "2013-05-24T22:47:23Z", "ord": 2, "type": 1}}, {"pk": 254, "model": "qi.choice", "fields": {"code": "(B)", "create_date": "2013-05-24T22:47:23Z", "text": "\u793e\u4f1a\u95ee\u53772--\u7b2c1\u9898?--\u9009\u9879B", "question": 72, "state": "A", "modify_date": "2013-05-24T22:47:23Z", "ord": 2, "type": 1}}, {"pk": 255, "model": "qi.choice", "fields": {"code": "(B)", "create_date": "2013-05-24T22:47:23Z", "text": "\u5546\u4e1a\u95ee\u53771--\u7b2c1\u9898?--\u9009\u9879B", "question": 73, "state": "A", "modify_date": "2013-05-24T22:47:23Z", "ord": 2, "type": 1}}, {"pk": 256, "model": "qi.choice", "fields": {"code": "(B)", "create_date": "2013-05-24T22:47:23Z", "text": "\u5546\u4e1a\u95ee\u53772--\u7b2c1\u9898?--\u9009\u9879B", "question": 74, "state": "A", "modify_date": "2013-05-24T22:47:23Z", "ord": 2, "type": 1}}, {"pk": 257, "model": "qi.choice", "fields": {"code": "(B)", "create_date": "2013-05-24T22:47:23Z", "text": "\u5b66\u751f\u95ee\u53771--\u7b2c1\u9898?--\u9009\u9879B", "question": 75, "state": "A", "modify_date": "2013-05-24T22:47:23Z", "ord": 2, "type": 1}}, {"pk": 258, "model": "qi.choice", "fields": {"code": "(B)", "create_date": "2013-05-24T22:47:23Z", "text": "\u5b66\u751f\u95ee\u53772--\u7b2c1\u9898?--\u9009\u9879B", "question": 76, "state": "A", "modify_date": "2013-05-24T22:47:23Z", "ord": 2, "type": 1}}, {"pk": 259, "model": "qi.choice", "fields": {"code": "(B)", "create_date": "2013-05-24T22:47:23Z", "text": "\u516c\u76ca\u95ee\u53772--\u7b2c1\u9898?--\u9009\u9879B", "question": 78, "state": "A", "modify_date": "2013-05-24T22:47:23Z", "ord": 2, "type": 1}}, {"pk": 260, "model": "qi.choice", "fields": {"code": "(B)", "create_date": "2013-05-24T22:47:23Z", "text": "\u6587\u5316\u95ee\u53771--\u7b2c1\u9898?--\u9009\u9879B", "question": 79, "state": "A", "modify_date": "2013-05-24T22:47:23Z", "ord": 2, "type": 1}}, {"pk": 261, "model": "qi.choice", "fields": {"code": "(B)", "create_date": "2013-05-24T22:47:23Z", "text": "\u6587\u5316\u95ee\u53772--\u7b2c1\u9898?--\u9009\u9879B", "question": 80, "state": "A", "modify_date": "2013-05-24T22:47:23Z", "ord": 2, "type": 1}}, {"pk": 262, "model": "qi.choice", "fields": {"code": "(B)", "create_date": "2013-05-24T22:47:23Z", "text": "\u793e\u4f1a\u95ee\u53771--\u7b2c2\u9898?--\u9009\u9879B", "question": 81, "state": "A", "modify_date": "2013-05-24T22:47:23Z", "ord": 2, "type": 1}}, {"pk": 263, "model": "qi.choice", "fields": {"code": "(B)", "create_date": "2013-05-24T22:47:23Z", "text": "\u793e\u4f1a\u95ee\u53772--\u7b2c2\u9898?--\u9009\u9879B", "question": 82, "state": "A", "modify_date": "2013-05-24T22:47:23Z", "ord": 2, "type": 1}}, {"pk": 264, "model": "qi.choice", "fields": {"code": "(B)", "create_date": "2013-05-24T22:47:23Z", "text": "\u5546\u4e1a\u95ee\u53771--\u7b2c2\u9898?--\u9009\u9879B", "question": 83, "state": "A", "modify_date": "2013-05-24T22:47:23Z", "ord": 2, "type": 1}}, {"pk": 265, "model": "qi.choice", "fields": {"code": "(B)", "create_date": "2013-05-24T22:47:23Z", "text": "\u5546\u4e1a\u95ee\u53772--\u7b2c2\u9898?--\u9009\u9879B", "question": 84, "state": "A", "modify_date": "2013-05-24T22:47:23Z", "ord": 2, "type": 1}}, {"pk": 266, "model": "qi.choice", "fields": {"code": "(B)", "create_date": "2013-05-24T22:47:23Z", "text": "\u5b66\u751f\u95ee\u53771--\u7b2c2\u9898?--\u9009\u9879B", "question": 85, "state": "A", "modify_date": "2013-05-24T22:47:23Z", "ord": 2, "type": 1}}, {"pk": 267, "model": "qi.choice", "fields": {"code": "(B)", "create_date": "2013-05-24T22:47:23Z", "text": "\u5b66\u751f\u95ee\u53772--\u7b2c2\u9898?--\u9009\u9879B", "question": 86, "state": "A", "modify_date": "2013-05-24T22:47:23Z", "ord": 2, "type": 1}}, {"pk": 268, "model": "qi.choice", "fields": {"code": "(B)", "create_date": "2013-05-24T22:47:23Z", "text": "\u516c\u76ca\u95ee\u53771--\u7b2c2\u9898?--\u9009\u9879B", "question": 87, "state": "A", "modify_date": "2013-05-24T22:47:23Z", "ord": 2, "type": 1}}, {"pk": 269, "model": "qi.choice", "fields": {"code": "(B)", "create_date": "2013-05-24T22:47:23Z", "text": "\u516c\u76ca\u95ee\u53772--\u7b2c2\u9898?--\u9009\u9879B", "question": 88, "state": "A", "modify_date": "2013-05-24T22:47:23Z", "ord": 2, "type": 1}}, {"pk": 270, "model": "qi.choice", "fields": {"code": "(B)", "create_date": "2013-05-24T22:47:23Z", "text": "\u6587\u5316\u95ee\u53771--\u7b2c2\u9898?--\u9009\u9879B", "question": 89, "state": "A", "modify_date": "2013-05-24T22:47:23Z", "ord": 2, "type": 1}}, {"pk": 271, "model": "qi.choice", "fields": {"code": "(B)", "create_date": "2013-05-24T22:47:23Z", "text": "\u6587\u5316\u95ee\u53772--\u7b2c2\u9898?--\u9009\u9879B", "question": 90, "state": "A", "modify_date": "2013-05-24T22:47:23Z", "ord": 2, "type": 1}}, {"pk": 272, "model": "qi.choice", "fields": {"code": "(B)", "create_date": "2013-05-24T22:47:23Z", "text": "\u793e\u4f1a\u95ee\u53771--\u7b2c3\u9898?--\u9009\u9879B", "question": 91, "state": "A", "modify_date": "2013-05-24T22:47:23Z", "ord": 2, "type": 1}}, {"pk": 273, "model": "qi.choice", "fields": {"code": "(B)", "create_date": "2013-05-24T22:47:23Z", "text": "\u793e\u4f1a\u95ee\u53772--\u7b2c3\u9898?--\u9009\u9879B", "question": 92, "state": "A", "modify_date": "2013-05-24T22:47:23Z", "ord": 2, "type": 1}}, {"pk": 274, "model": "qi.choice", "fields": {"code": "(B)", "create_date": "2013-05-24T22:47:23Z", "text": "\u5546\u4e1a\u95ee\u53771--\u7b2c3\u9898?--\u9009\u9879B", "question": 93, "state": "A", "modify_date": "2013-05-24T22:47:23Z", "ord": 2, "type": 1}}, {"pk": 275, "model": "qi.choice", "fields": {"code": "(B)", "create_date": "2013-05-24T22:47:23Z", "text": "\u5546\u4e1a\u95ee\u53772--\u7b2c3\u9898?--\u9009\u9879B", "question": 94, "state": "A", "modify_date": "2013-05-24T22:47:23Z", "ord": 2, "type": 1}}, {"pk": 276, "model": "qi.choice", "fields": {"code": "(B)", "create_date": "2013-05-24T22:47:23Z", "text": "\u5b66\u751f\u95ee\u53771--\u7b2c3\u9898?--\u9009\u9879B", "question": 95, "state": "A", "modify_date": "2013-05-24T22:47:23Z", "ord": 2, "type": 1}}, {"pk": 277, "model": "qi.choice", "fields": {"code": "(B)", "create_date": "2013-05-24T22:47:23Z", "text": "\u5b66\u751f\u95ee\u53772--\u7b2c3\u9898?--\u9009\u9879B", "question": 96, "state": "A", "modify_date": "2013-05-24T22:47:23Z", "ord": 2, "type": 1}}, {"pk": 278, "model": "qi.choice", "fields": {"code": "(B)", "create_date": "2013-05-24T22:47:23Z", "text": "\u516c\u76ca\u95ee\u53771--\u7b2c3\u9898?--\u9009\u9879B", "question": 97, "state": "A", "modify_date": "2013-05-24T22:47:23Z", "ord": 2, "type": 1}}, {"pk": 279, "model": "qi.choice", "fields": {"code": "(B)", "create_date": "2013-05-24T22:47:23Z", "text": "\u516c\u76ca\u95ee\u53772--\u7b2c3\u9898?--\u9009\u9879B", "question": 98, "state": "A", "modify_date": "2013-05-24T22:47:23Z", "ord": 2, "type": 1}}, {"pk": 280, "model": "qi.choice", "fields": {"code": "(B)", "create_date": "2013-05-24T22:47:23Z", "text": "\u6587\u5316\u95ee\u53771--\u7b2c3\u9898?--\u9009\u9879B", "question": 99, "state": "A", "modify_date": "2013-05-24T22:47:23Z", "ord": 2, "type": 1}}, {"pk": 281, "model": "qi.choice", "fields": {"code": "(B)", "create_date": "2013-05-24T22:47:23Z", "text": "\u6587\u5316\u95ee\u53772--\u7b2c3\u9898?--\u9009\u9879B", "question": 100, "state": "A", "modify_date": "2013-05-24T22:47:23Z", "ord": 2, "type": 1}}, {"pk": 282, "model": "qi.choice", "fields": {"code": "(B)", "create_date": "2013-05-24T22:47:23Z", "text": "\u793e\u4f1a\u95ee\u53771--\u7b2c4\u9898?--\u9009\u9879B", "question": 101, "state": "A", "modify_date": "2013-05-24T22:47:23Z", "ord": 2, "type": 1}}, {"pk": 283, "model": "qi.choice", "fields": {"code": "(B)", "create_date": "2013-05-24T22:47:23Z", "text": "\u793e\u4f1a\u95ee\u53772--\u7b2c4\u9898?--\u9009\u9879B", "question": 102, "state": "A", "modify_date": "2013-05-24T22:47:23Z", "ord": 2, "type": 1}}, {"pk": 284, "model": "qi.choice", "fields": {"code": "(B)", "create_date": "2013-05-24T22:47:23Z", "text": "\u5546\u4e1a\u95ee\u53771--\u7b2c4\u9898?--\u9009\u9879B", "question": 103, "state": "A", "modify_date": "2013-05-24T22:47:23Z", "ord": 2, "type": 1}}, {"pk": 285, "model": "qi.choice", "fields": {"code": "(B)", "create_date": "2013-05-24T22:47:23Z", "text": "\u5546\u4e1a\u95ee\u53772--\u7b2c4\u9898?--\u9009\u9879B", "question": 104, "state": "A", "modify_date": "2013-05-24T22:47:23Z", "ord": 2, "type": 1}}, {"pk": 286, "model": "qi.choice", "fields": {"code": "(B)", "create_date": "2013-05-24T22:47:23Z", "text": "\u5b66\u751f\u95ee\u53771--\u7b2c4\u9898?--\u9009\u9879B", "question": 105, "state": "A", "modify_date": "2013-05-24T22:47:23Z", "ord": 2, "type": 1}}, {"pk": 287, "model": "qi.choice", "fields": {"code": "(B)", "create_date": "2013-05-24T22:47:23Z", "text": "\u5b66\u751f\u95ee\u53772--\u7b2c4\u9898?--\u9009\u9879B", "question": 106, "state": "A", "modify_date": "2013-05-24T22:47:23Z", "ord": 2, "type": 1}}, {"pk": 288, "model": "qi.choice", "fields": {"code": "(B)", "create_date": "2013-05-24T22:47:23Z", "text": "\u516c\u76ca\u95ee\u53771--\u7b2c4\u9898?--\u9009\u9879B", "question": 107, "state": "A", "modify_date": "2013-05-24T22:47:23Z", "ord": 2, "type": 1}}, {"pk": 289, "model": "qi.choice", "fields": {"code": "(B)", "create_date": "2013-05-24T22:47:23Z", "text": "\u516c\u76ca\u95ee\u53772--\u7b2c4\u9898?--\u9009\u9879B", "question": 108, "state": "A", "modify_date": "2013-05-24T22:47:23Z", "ord": 2, "type": 1}}, {"pk": 290, "model": "qi.choice", "fields": {"code": "(B)", "create_date": "2013-05-24T22:47:23Z", "text": "\u6587\u5316\u95ee\u53771--\u7b2c4\u9898?--\u9009\u9879B", "question": 109, "state": "A", "modify_date": "2013-05-24T22:47:23Z", "ord": 2, "type": 1}}, {"pk": 291, "model": "qi.choice", "fields": {"code": "(B)", "create_date": "2013-05-24T22:47:23Z", "text": "\u6587\u5316\u95ee\u53772--\u7b2c4\u9898?--\u9009\u9879B", "question": 110, "state": "A", "modify_date": "2013-05-24T22:47:23Z", "ord": 2, "type": 1}}, {"pk": 292, "model": "qi.choice", "fields": {"code": "(B)", "create_date": "2013-05-24T22:47:23Z", "text": "\u793e\u4f1a\u95ee\u53771--\u7b2c5\u9898?--\u9009\u9879B", "question": 111, "state": "A", "modify_date": "2013-05-24T22:47:23Z", "ord": 2, "type": 1}}, {"pk": 293, "model": "qi.choice", "fields": {"code": "(B)", "create_date": "2013-05-24T22:47:23Z", "text": "\u793e\u4f1a\u95ee\u53772--\u7b2c5\u9898?--\u9009\u9879B", "question": 112, "state": "A", "modify_date": "2013-05-24T22:47:23Z", "ord": 2, "type": 1}}, {"pk": 294, "model": "qi.choice", "fields": {"code": "(B)", "create_date": "2013-05-24T22:47:23Z", "text": "\u5546\u4e1a\u95ee\u53771--\u7b2c5\u9898?--\u9009\u9879B", "question": 113, "state": "A", "modify_date": "2013-05-24T22:47:23Z", "ord": 2, "type": 1}}, {"pk": 295, "model": "qi.choice", "fields": {"code": "(B)", "create_date": "2013-05-24T22:47:23Z", "text": "\u5546\u4e1a\u95ee\u53772--\u7b2c5\u9898?--\u9009\u9879B", "question": 114, "state": "A", "modify_date": "2013-05-24T22:47:23Z", "ord": 2, "type": 1}}, {"pk": 296, "model": "qi.choice", "fields": {"code": "(B)", "create_date": "2013-05-24T22:47:23Z", "text": "\u5b66\u751f\u95ee\u53771--\u7b2c5\u9898?--\u9009\u9879B", "question": 115, "state": "A", "modify_date": "2013-05-24T22:47:23Z", "ord": 2, "type": 1}}, {"pk": 297, "model": "qi.choice", "fields": {"code": "(B)", "create_date": "2013-05-24T22:47:23Z", "text": "\u5b66\u751f\u95ee\u53772--\u7b2c5\u9898?--\u9009\u9879B", "question": 116, "state": "A", "modify_date": "2013-05-24T22:47:23Z", "ord": 2, "type": 1}}, {"pk": 298, "model": "qi.choice", "fields": {"code": "(B)", "create_date": "2013-05-24T22:47:23Z", "text": "\u516c\u76ca\u95ee\u53771--\u7b2c5\u9898?--\u9009\u9879B", "question": 117, "state": "A", "modify_date": "2013-05-24T22:47:23Z", "ord": 2, "type": 1}}, {"pk": 299, "model": "qi.choice", "fields": {"code": "(B)", "create_date": "2013-05-24T22:47:23Z", "text": "\u516c\u76ca\u95ee\u53772--\u7b2c5\u9898?--\u9009\u9879B", "question": 118, "state": "A", "modify_date": "2013-05-24T22:47:23Z", "ord": 2, "type": 1}}, {"pk": 300, "model": "qi.choice", "fields": {"code": "(B)", "create_date": "2013-05-24T22:47:23Z", "text": "\u6587\u5316\u95ee\u53771--\u7b2c5\u9898?--\u9009\u9879B", "question": 119, "state": "A", "modify_date": "2013-05-24T22:47:23Z", "ord": 2, "type": 1}}, {"pk": 301, "model": "qi.choice", "fields": {"code": "(B)", "create_date": "2013-05-24T22:47:23Z", "text": "\u6587\u5316\u95ee\u53772--\u7b2c5\u9898?--\u9009\u9879B", "question": 120, "state": "A", "modify_date": "2013-05-24T22:47:23Z", "ord": 2, "type": 1}}, {"pk": 302, "model": "qi.choice", "fields": {"code": "(C)", "create_date": "2013-05-24T22:47:23Z", "text": "\u516c\u76ca\u95ee\u53771--\u7b2c1\u9898?--\u9009\u9879C", "question": 1, "state": "A", "modify_date": "2013-05-24T22:47:23Z", "ord": 3, "type": 1}}, {"pk": 303, "model": "qi.choice", "fields": {"code": "(C)", "create_date": "2013-05-24T22:47:23Z", "text": "\u793e\u4f1a\u95ee\u53771--\u7b2c1\u9898?--\u9009\u9879C", "question": 71, "state": "A", "modify_date": "2013-05-24T22:47:23Z", "ord": 3, "type": 1}}, {"pk": 304, "model": "qi.choice", "fields": {"code": "(C)", "create_date": "2013-05-24T22:47:23Z", "text": "\u793e\u4f1a\u95ee\u53772--\u7b2c1\u9898?--\u9009\u9879C", "question": 72, "state": "A", "modify_date": "2013-05-24T22:47:23Z", "ord": 3, "type": 1}}, {"pk": 305, "model": "qi.choice", "fields": {"code": "(C)", "create_date": "2013-05-24T22:47:23Z", "text": "\u5546\u4e1a\u95ee\u53771--\u7b2c1\u9898?--\u9009\u9879C", "question": 73, "state": "A", "modify_date": "2013-05-24T22:47:23Z", "ord": 3, "type": 1}}, {"pk": 306, "model": "qi.choice", "fields": {"code": "(C)", "create_date": "2013-05-24T22:47:23Z", "text": "\u5546\u4e1a\u95ee\u53772--\u7b2c1\u9898?--\u9009\u9879C", "question": 74, "state": "A", "modify_date": "2013-05-24T22:47:23Z", "ord": 3, "type": 1}}, {"pk": 307, "model": "qi.choice", "fields": {"code": "(C)", "create_date": "2013-05-24T22:47:23Z", "text": "\u5b66\u751f\u95ee\u53771--\u7b2c1\u9898?--\u9009\u9879C", "question": 75, "state": "A", "modify_date": "2013-05-24T22:47:23Z", "ord": 3, "type": 1}}, {"pk": 308, "model": "qi.choice", "fields": {"code": "(C)", "create_date": "2013-05-24T22:47:23Z", "text": "\u5b66\u751f\u95ee\u53772--\u7b2c1\u9898?--\u9009\u9879C", "question": 76, "state": "A", "modify_date": "2013-05-24T22:47:23Z", "ord": 3, "type": 1}}, {"pk": 309, "model": "qi.choice", "fields": {"code": "(C)", "create_date": "2013-05-24T22:47:23Z", "text": "\u516c\u76ca\u95ee\u53772--\u7b2c1\u9898?--\u9009\u9879C", "question": 78, "state": "A", "modify_date": "2013-05-24T22:47:23Z", "ord": 3, "type": 1}}, {"pk": 310, "model": "qi.choice", "fields": {"code": "(C)", "create_date": "2013-05-24T22:47:23Z", "text": "\u6587\u5316\u95ee\u53771--\u7b2c1\u9898?--\u9009\u9879C", "question": 79, "state": "A", "modify_date": "2013-05-24T22:47:23Z", "ord": 3, "type": 1}}, {"pk": 311, "model": "qi.choice", "fields": {"code": "(C)", "create_date": "2013-05-24T22:47:23Z", "text": "\u6587\u5316\u95ee\u53772--\u7b2c1\u9898?--\u9009\u9879C", "question": 80, "state": "A", "modify_date": "2013-05-24T22:47:23Z", "ord": 3, "type": 1}}, {"pk": 312, "model": "qi.choice", "fields": {"code": "(C)", "create_date": "2013-05-24T22:47:23Z", "text": "\u793e\u4f1a\u95ee\u53771--\u7b2c2\u9898?--\u9009\u9879C", "question": 81, "state": "A", "modify_date": "2013-05-24T22:47:23Z", "ord": 3, "type": 1}}, {"pk": 313, "model": "qi.choice", "fields": {"code": "(C)", "create_date": "2013-05-24T22:47:23Z", "text": "\u793e\u4f1a\u95ee\u53772--\u7b2c2\u9898?--\u9009\u9879C", "question": 82, "state": "A", "modify_date": "2013-05-24T22:47:23Z", "ord": 3, "type": 1}}, {"pk": 314, "model": "qi.choice", "fields": {"code": "(C)", "create_date": "2013-05-24T22:47:23Z", "text": "\u5546\u4e1a\u95ee\u53771--\u7b2c2\u9898?--\u9009\u9879C", "question": 83, "state": "A", "modify_date": "2013-05-24T22:47:23Z", "ord": 3, "type": 1}}, {"pk": 315, "model": "qi.choice", "fields": {"code": "(C)", "create_date": "2013-05-24T22:47:23Z", "text": "\u5546\u4e1a\u95ee\u53772--\u7b2c2\u9898?--\u9009\u9879C", "question": 84, "state": "A", "modify_date": "2013-05-24T22:47:23Z", "ord": 3, "type": 1}}, {"pk": 316, "model": "qi.choice", "fields": {"code": "(C)", "create_date": "2013-05-24T22:47:23Z", "text": "\u5b66\u751f\u95ee\u53771--\u7b2c2\u9898?--\u9009\u9879C", "question": 85, "state": "A", "modify_date": "2013-05-24T22:47:23Z", "ord": 3, "type": 1}}, {"pk": 317, "model": "qi.choice", "fields": {"code": "(C)", "create_date": "2013-05-24T22:47:23Z", "text": "\u5b66\u751f\u95ee\u53772--\u7b2c2\u9898?--\u9009\u9879C", "question": 86, "state": "A", "modify_date": "2013-05-24T22:47:23Z", "ord": 3, "type": 1}}, {"pk": 318, "model": "qi.choice", "fields": {"code": "(C)", "create_date": "2013-05-24T22:47:23Z", "text": "\u516c\u76ca\u95ee\u53771--\u7b2c2\u9898?--\u9009\u9879C", "question": 87, "state": "A", "modify_date": "2013-05-24T22:47:23Z", "ord": 3, "type": 1}}, {"pk": 319, "model": "qi.choice", "fields": {"code": "(C)", "create_date": "2013-05-24T22:47:23Z", "text": "\u516c\u76ca\u95ee\u53772--\u7b2c2\u9898?--\u9009\u9879C", "question": 88, "state": "A", "modify_date": "2013-05-24T22:47:23Z", "ord": 3, "type": 1}}, {"pk": 320, "model": "qi.choice", "fields": {"code": "(C)", "create_date": "2013-05-24T22:47:23Z", "text": "\u6587\u5316\u95ee\u53771--\u7b2c2\u9898?--\u9009\u9879C", "question": 89, "state": "A", "modify_date": "2013-05-24T22:47:23Z", "ord": 3, "type": 1}}, {"pk": 321, "model": "qi.choice", "fields": {"code": "(C)", "create_date": "2013-05-24T22:47:23Z", "text": "\u6587\u5316\u95ee\u53772--\u7b2c2\u9898?--\u9009\u9879C", "question": 90, "state": "A", "modify_date": "2013-05-24T22:47:23Z", "ord": 3, "type": 1}}, {"pk": 322, "model": "qi.choice", "fields": {"code": "(C)", "create_date": "2013-05-24T22:47:23Z", "text": "\u793e\u4f1a\u95ee\u53771--\u7b2c3\u9898?--\u9009\u9879C", "question": 91, "state": "A", "modify_date": "2013-05-24T22:47:23Z", "ord": 3, "type": 1}}, {"pk": 323, "model": "qi.choice", "fields": {"code": "(C)", "create_date": "2013-05-24T22:47:23Z", "text": "\u793e\u4f1a\u95ee\u53772--\u7b2c3\u9898?--\u9009\u9879C", "question": 92, "state": "A", "modify_date": "2013-05-24T22:47:23Z", "ord": 3, "type": 1}}, {"pk": 324, "model": "qi.choice", "fields": {"code": "(C)", "create_date": "2013-05-24T22:47:23Z", "text": "\u5546\u4e1a\u95ee\u53771--\u7b2c3\u9898?--\u9009\u9879C", "question": 93, "state": "A", "modify_date": "2013-05-24T22:47:23Z", "ord": 3, "type": 1}}, {"pk": 325, "model": "qi.choice", "fields": {"code": "(C)", "create_date": "2013-05-24T22:47:23Z", "text": "\u5546\u4e1a\u95ee\u53772--\u7b2c3\u9898?--\u9009\u9879C", "question": 94, "state": "A", "modify_date": "2013-05-24T22:47:23Z", "ord": 3, "type": 1}}, {"pk": 326, "model": "qi.choice", "fields": {"code": "(C)", "create_date": "2013-05-24T22:47:23Z", "text": "\u5b66\u751f\u95ee\u53771--\u7b2c3\u9898?--\u9009\u9879C", "question": 95, "state": "A", "modify_date": "2013-05-24T22:47:23Z", "ord": 3, "type": 1}}, {"pk": 327, "model": "qi.choice", "fields": {"code": "(C)", "create_date": "2013-05-24T22:47:23Z", "text": "\u5b66\u751f\u95ee\u53772--\u7b2c3\u9898?--\u9009\u9879C", "question": 96, "state": "A", "modify_date": "2013-05-24T22:47:23Z", "ord": 3, "type": 1}}, {"pk": 328, "model": "qi.choice", "fields": {"code": "(C)", "create_date": "2013-05-24T22:47:23Z", "text": "\u516c\u76ca\u95ee\u53771--\u7b2c3\u9898?--\u9009\u9879C", "question": 97, "state": "A", "modify_date": "2013-05-24T22:47:23Z", "ord": 3, "type": 1}}, {"pk": 329, "model": "qi.choice", "fields": {"code": "(C)", "create_date": "2013-05-24T22:47:23Z", "text": "\u516c\u76ca\u95ee\u53772--\u7b2c3\u9898?--\u9009\u9879C", "question": 98, "state": "A", "modify_date": "2013-05-24T22:47:23Z", "ord": 3, "type": 1}}, {"pk": 330, "model": "qi.choice", "fields": {"code": "(C)", "create_date": "2013-05-24T22:47:23Z", "text": "\u6587\u5316\u95ee\u53771--\u7b2c3\u9898?--\u9009\u9879C", "question": 99, "state": "A", "modify_date": "2013-05-24T22:47:23Z", "ord": 3, "type": 1}}, {"pk": 331, "model": "qi.choice", "fields": {"code": "(C)", "create_date": "2013-05-24T22:47:23Z", "text": "\u6587\u5316\u95ee\u53772--\u7b2c3\u9898?--\u9009\u9879C", "question": 100, "state": "A", "modify_date": "2013-05-24T22:47:23Z", "ord": 3, "type": 1}}, {"pk": 332, "model": "qi.choice", "fields": {"code": "(C)", "create_date": "2013-05-24T22:47:23Z", "text": "\u793e\u4f1a\u95ee\u53771--\u7b2c4\u9898?--\u9009\u9879C", "question": 101, "state": "A", "modify_date": "2013-05-24T22:47:23Z", "ord": 3, "type": 1}}, {"pk": 333, "model": "qi.choice", "fields": {"code": "(C)", "create_date": "2013-05-24T22:47:23Z", "text": "\u793e\u4f1a\u95ee\u53772--\u7b2c4\u9898?--\u9009\u9879C", "question": 102, "state": "A", "modify_date": "2013-05-24T22:47:23Z", "ord": 3, "type": 1}}, {"pk": 334, "model": "qi.choice", "fields": {"code": "(C)", "create_date": "2013-05-24T22:47:23Z", "text": "\u5546\u4e1a\u95ee\u53771--\u7b2c4\u9898?--\u9009\u9879C", "question": 103, "state": "A", "modify_date": "2013-05-24T22:47:23Z", "ord": 3, "type": 1}}, {"pk": 335, "model": "qi.choice", "fields": {"code": "(C)", "create_date": "2013-05-24T22:47:23Z", "text": "\u5546\u4e1a\u95ee\u53772--\u7b2c4\u9898?--\u9009\u9879C", "question": 104, "state": "A", "modify_date": "2013-05-24T22:47:23Z", "ord": 3, "type": 1}}, {"pk": 336, "model": "qi.choice", "fields": {"code": "(C)", "create_date": "2013-05-24T22:47:23Z", "text": "\u5b66\u751f\u95ee\u53771--\u7b2c4\u9898?--\u9009\u9879C", "question": 105, "state": "A", "modify_date": "2013-05-24T22:47:23Z", "ord": 3, "type": 1}}, {"pk": 337, "model": "qi.choice", "fields": {"code": "(C)", "create_date": "2013-05-24T22:47:23Z", "text": "\u5b66\u751f\u95ee\u53772--\u7b2c4\u9898?--\u9009\u9879C", "question": 106, "state": "A", "modify_date": "2013-05-24T22:47:23Z", "ord": 3, "type": 1}}, {"pk": 338, "model": "qi.choice", "fields": {"code": "(C)", "create_date": "2013-05-24T22:47:23Z", "text": "\u516c\u76ca\u95ee\u53771--\u7b2c4\u9898?--\u9009\u9879C", "question": 107, "state": "A", "modify_date": "2013-05-24T22:47:23Z", "ord": 3, "type": 1}}, {"pk": 339, "model": "qi.choice", "fields": {"code": "(C)", "create_date": "2013-05-24T22:47:23Z", "text": "\u516c\u76ca\u95ee\u53772--\u7b2c4\u9898?--\u9009\u9879C", "question": 108, "state": "A", "modify_date": "2013-05-24T22:47:23Z", "ord": 3, "type": 1}}, {"pk": 340, "model": "qi.choice", "fields": {"code": "(C)", "create_date": "2013-05-24T22:47:23Z", "text": "\u6587\u5316\u95ee\u53771--\u7b2c4\u9898?--\u9009\u9879C", "question": 109, "state": "A", "modify_date": "2013-05-24T22:47:23Z", "ord": 3, "type": 1}}, {"pk": 341, "model": "qi.choice", "fields": {"code": "(C)", "create_date": "2013-05-24T22:47:23Z", "text": "\u6587\u5316\u95ee\u53772--\u7b2c4\u9898?--\u9009\u9879C", "question": 110, "state": "A", "modify_date": "2013-05-24T22:47:23Z", "ord": 3, "type": 1}}, {"pk": 342, "model": "qi.choice", "fields": {"code": "(C)", "create_date": "2013-05-24T22:47:23Z", "text": "\u793e\u4f1a\u95ee\u53771--\u7b2c5\u9898?--\u9009\u9879C", "question": 111, "state": "A", "modify_date": "2013-05-24T22:47:23Z", "ord": 3, "type": 1}}, {"pk": 343, "model": "qi.choice", "fields": {"code": "(C)", "create_date": "2013-05-24T22:47:23Z", "text": "\u793e\u4f1a\u95ee\u53772--\u7b2c5\u9898?--\u9009\u9879C", "question": 112, "state": "A", "modify_date": "2013-05-24T22:47:23Z", "ord": 3, "type": 1}}, {"pk": 344, "model": "qi.choice", "fields": {"code": "(C)", "create_date": "2013-05-24T22:47:23Z", "text": "\u5546\u4e1a\u95ee\u53771--\u7b2c5\u9898?--\u9009\u9879C", "question": 113, "state": "A", "modify_date": "2013-05-24T22:47:23Z", "ord": 3, "type": 1}}, {"pk": 345, "model": "qi.choice", "fields": {"code": "(C)", "create_date": "2013-05-24T22:47:23Z", "text": "\u5546\u4e1a\u95ee\u53772--\u7b2c5\u9898?--\u9009\u9879C", "question": 114, "state": "A", "modify_date": "2013-05-24T22:47:23Z", "ord": 3, "type": 1}}, {"pk": 346, "model": "qi.choice", "fields": {"code": "(C)", "create_date": "2013-05-24T22:47:23Z", "text": "\u5b66\u751f\u95ee\u53771--\u7b2c5\u9898?--\u9009\u9879C", "question": 115, "state": "A", "modify_date": "2013-05-24T22:47:23Z", "ord": 3, "type": 1}}, {"pk": 347, "model": "qi.choice", "fields": {"code": "(C)", "create_date": "2013-05-24T22:47:23Z", "text": "\u5b66\u751f\u95ee\u53772--\u7b2c5\u9898?--\u9009\u9879C", "question": 116, "state": "A", "modify_date": "2013-05-24T22:47:23Z", "ord": 3, "type": 1}}, {"pk": 348, "model": "qi.choice", "fields": {"code": "(C)", "create_date": "2013-05-24T22:47:23Z", "text": "\u516c\u76ca\u95ee\u53771--\u7b2c5\u9898?--\u9009\u9879C", "question": 117, "state": "A", "modify_date": "2013-05-24T22:47:23Z", "ord": 3, "type": 1}}, {"pk": 349, "model": "qi.choice", "fields": {"code": "(C)", "create_date": "2013-05-24T22:47:23Z", "text": "\u516c\u76ca\u95ee\u53772--\u7b2c5\u9898?--\u9009\u9879C", "question": 118, "state": "A", "modify_date": "2013-05-24T22:47:23Z", "ord": 3, "type": 1}}, {"pk": 350, "model": "qi.choice", "fields": {"code": "(C)", "create_date": "2013-05-24T22:47:23Z", "text": "\u6587\u5316\u95ee\u53771--\u7b2c5\u9898?--\u9009\u9879C", "question": 119, "state": "A", "modify_date": "2013-05-24T22:47:23Z", "ord": 3, "type": 1}}, {"pk": 351, "model": "qi.choice", "fields": {"code": "(C)", "create_date": "2013-05-24T22:47:23Z", "text": "\u6587\u5316\u95ee\u53772--\u7b2c5\u9898?--\u9009\u9879C", "question": 120, "state": "A", "modify_date": "2013-05-24T22:47:23Z", "ord": 3, "type": 1}}, {"pk": 352, "model": "qi.choice", "fields": {"code": "(D)", "create_date": "2013-05-24T22:47:23Z", "text": "\u516c\u76ca\u95ee\u53771--\u7b2c1\u9898?--\u9009\u9879D", "question": 1, "state": "A", "modify_date": "2013-05-24T22:47:23Z", "ord": 4, "type": 1}}, {"pk": 353, "model": "qi.choice", "fields": {"code": "(D)", "create_date": "2013-05-24T22:47:23Z", "text": "\u793e\u4f1a\u95ee\u53771--\u7b2c1\u9898?--\u9009\u9879D", "question": 71, "state": "A", "modify_date": "2013-05-24T22:47:23Z", "ord": 4, "type": 1}}, {"pk": 354, "model": "qi.choice", "fields": {"code": "(D)", "create_date": "2013-05-24T22:47:23Z", "text": "\u793e\u4f1a\u95ee\u53772--\u7b2c1\u9898?--\u9009\u9879D", "question": 72, "state": "A", "modify_date": "2013-05-24T22:47:23Z", "ord": 4, "type": 1}}, {"pk": 355, "model": "qi.choice", "fields": {"code": "(D)", "create_date": "2013-05-24T22:47:23Z", "text": "\u5546\u4e1a\u95ee\u53771--\u7b2c1\u9898?--\u9009\u9879D", "question": 73, "state": "A", "modify_date": "2013-05-24T22:47:23Z", "ord": 4, "type": 1}}, {"pk": 356, "model": "qi.choice", "fields": {"code": "(D)", "create_date": "2013-05-24T22:47:23Z", "text": "\u5546\u4e1a\u95ee\u53772--\u7b2c1\u9898?--\u9009\u9879D", "question": 74, "state": "A", "modify_date": "2013-05-24T22:47:23Z", "ord": 4, "type": 1}}, {"pk": 357, "model": "qi.choice", "fields": {"code": "(D)", "create_date": "2013-05-24T22:47:23Z", "text": "\u5b66\u751f\u95ee\u53771--\u7b2c1\u9898?--\u9009\u9879D", "question": 75, "state": "A", "modify_date": "2013-05-24T22:47:23Z", "ord": 4, "type": 1}}, {"pk": 358, "model": "qi.choice", "fields": {"code": "(D)", "create_date": "2013-05-24T22:47:23Z", "text": "\u5b66\u751f\u95ee\u53772--\u7b2c1\u9898?--\u9009\u9879D", "question": 76, "state": "A", "modify_date": "2013-05-24T22:47:23Z", "ord": 4, "type": 1}}, {"pk": 359, "model": "qi.choice", "fields": {"code": "(D)", "create_date": "2013-05-24T22:47:23Z", "text": "\u516c\u76ca\u95ee\u53772--\u7b2c1\u9898?--\u9009\u9879D", "question": 78, "state": "A", "modify_date": "2013-05-24T22:47:23Z", "ord": 4, "type": 1}}, {"pk": 360, "model": "qi.choice", "fields": {"code": "(D)", "create_date": "2013-05-24T22:47:23Z", "text": "\u6587\u5316\u95ee\u53771--\u7b2c1\u9898?--\u9009\u9879D", "question": 79, "state": "A", "modify_date": "2013-05-24T22:47:23Z", "ord": 4, "type": 1}}, {"pk": 361, "model": "qi.choice", "fields": {"code": "(D)", "create_date": "2013-05-24T22:47:23Z", "text": "\u6587\u5316\u95ee\u53772--\u7b2c1\u9898?--\u9009\u9879D", "question": 80, "state": "A", "modify_date": "2013-05-24T22:47:23Z", "ord": 4, "type": 1}}, {"pk": 362, "model": "qi.choice", "fields": {"code": "(D)", "create_date": "2013-05-24T22:47:23Z", "text": "\u793e\u4f1a\u95ee\u53771--\u7b2c2\u9898?--\u9009\u9879D", "question": 81, "state": "A", "modify_date": "2013-05-24T22:47:23Z", "ord": 4, "type": 1}}, {"pk": 363, "model": "qi.choice", "fields": {"code": "(D)", "create_date": "2013-05-24T22:47:23Z", "text": "\u793e\u4f1a\u95ee\u53772--\u7b2c2\u9898?--\u9009\u9879D", "question": 82, "state": "A", "modify_date": "2013-05-24T22:47:23Z", "ord": 4, "type": 1}}, {"pk": 364, "model": "qi.choice", "fields": {"code": "(D)", "create_date": "2013-05-24T22:47:23Z", "text": "\u5546\u4e1a\u95ee\u53771--\u7b2c2\u9898?--\u9009\u9879D", "question": 83, "state": "A", "modify_date": "2013-05-24T22:47:23Z", "ord": 4, "type": 1}}, {"pk": 365, "model": "qi.choice", "fields": {"code": "(D)", "create_date": "2013-05-24T22:47:23Z", "text": "\u5546\u4e1a\u95ee\u53772--\u7b2c2\u9898?--\u9009\u9879D", "question": 84, "state": "A", "modify_date": "2013-05-24T22:47:23Z", "ord": 4, "type": 1}}, {"pk": 366, "model": "qi.choice", "fields": {"code": "(D)", "create_date": "2013-05-24T22:47:23Z", "text": "\u5b66\u751f\u95ee\u53771--\u7b2c2\u9898?--\u9009\u9879D", "question": 85, "state": "A", "modify_date": "2013-05-24T22:47:23Z", "ord": 4, "type": 1}}, {"pk": 367, "model": "qi.choice", "fields": {"code": "(D)", "create_date": "2013-05-24T22:47:23Z", "text": "\u5b66\u751f\u95ee\u53772--\u7b2c2\u9898?--\u9009\u9879D", "question": 86, "state": "A", "modify_date": "2013-05-24T22:47:23Z", "ord": 4, "type": 1}}, {"pk": 368, "model": "qi.choice", "fields": {"code": "(D)", "create_date": "2013-05-24T22:47:23Z", "text": "\u516c\u76ca\u95ee\u53771--\u7b2c2\u9898?--\u9009\u9879D", "question": 87, "state": "A", "modify_date": "2013-05-24T22:47:23Z", "ord": 4, "type": 1}}, {"pk": 369, "model": "qi.choice", "fields": {"code": "(D)", "create_date": "2013-05-24T22:47:23Z", "text": "\u516c\u76ca\u95ee\u53772--\u7b2c2\u9898?--\u9009\u9879D", "question": 88, "state": "A", "modify_date": "2013-05-24T22:47:23Z", "ord": 4, "type": 1}}, {"pk": 370, "model": "qi.choice", "fields": {"code": "(D)", "create_date": "2013-05-24T22:47:23Z", "text": "\u6587\u5316\u95ee\u53771--\u7b2c2\u9898?--\u9009\u9879D", "question": 89, "state": "A", "modify_date": "2013-05-24T22:47:23Z", "ord": 4, "type": 1}}, {"pk": 371, "model": "qi.choice", "fields": {"code": "(D)", "create_date": "2013-05-24T22:47:23Z", "text": "\u6587\u5316\u95ee\u53772--\u7b2c2\u9898?--\u9009\u9879D", "question": 90, "state": "A", "modify_date": "2013-05-24T22:47:23Z", "ord": 4, "type": 1}}, {"pk": 372, "model": "qi.choice", "fields": {"code": "(D)", "create_date": "2013-05-24T22:47:23Z", "text": "\u793e\u4f1a\u95ee\u53771--\u7b2c3\u9898?--\u9009\u9879D", "question": 91, "state": "A", "modify_date": "2013-05-24T22:47:23Z", "ord": 4, "type": 1}}, {"pk": 373, "model": "qi.choice", "fields": {"code": "(D)", "create_date": "2013-05-24T22:47:23Z", "text": "\u793e\u4f1a\u95ee\u53772--\u7b2c3\u9898?--\u9009\u9879D", "question": 92, "state": "A", "modify_date": "2013-05-24T22:47:23Z", "ord": 4, "type": 1}}, {"pk": 374, "model": "qi.choice", "fields": {"code": "(D)", "create_date": "2013-05-24T22:47:23Z", "text": "\u5546\u4e1a\u95ee\u53771--\u7b2c3\u9898?--\u9009\u9879D", "question": 93, "state": "A", "modify_date": "2013-05-24T22:47:23Z", "ord": 4, "type": 1}}, {"pk": 375, "model": "qi.choice", "fields": {"code": "(D)", "create_date": "2013-05-24T22:47:23Z", "text": "\u5546\u4e1a\u95ee\u53772--\u7b2c3\u9898?--\u9009\u9879D", "question": 94, "state": "A", "modify_date": "2013-05-24T22:47:23Z", "ord": 4, "type": 1}}, {"pk": 376, "model": "qi.choice", "fields": {"code": "(D)", "create_date": "2013-05-24T22:47:23Z", "text": "\u5b66\u751f\u95ee\u53771--\u7b2c3\u9898?--\u9009\u9879D", "question": 95, "state": "A", "modify_date": "2013-05-24T22:47:23Z", "ord": 4, "type": 1}}, {"pk": 377, "model": "qi.choice", "fields": {"code": "(D)", "create_date": "2013-05-24T22:47:23Z", "text": "\u5b66\u751f\u95ee\u53772--\u7b2c3\u9898?--\u9009\u9879D", "question": 96, "state": "A", "modify_date": "2013-05-24T22:47:23Z", "ord": 4, "type": 1}}, {"pk": 378, "model": "qi.choice", "fields": {"code": "(D)", "create_date": "2013-05-24T22:47:23Z", "text": "\u516c\u76ca\u95ee\u53771--\u7b2c3\u9898?--\u9009\u9879D", "question": 97, "state": "A", "modify_date": "2013-05-24T22:47:23Z", "ord": 4, "type": 1}}, {"pk": 379, "model": "qi.choice", "fields": {"code": "(D)", "create_date": "2013-05-24T22:47:23Z", "text": "\u516c\u76ca\u95ee\u53772--\u7b2c3\u9898?--\u9009\u9879D", "question": 98, "state": "A", "modify_date": "2013-05-24T22:47:23Z", "ord": 4, "type": 1}}, {"pk": 380, "model": "qi.choice", "fields": {"code": "(D)", "create_date": "2013-05-24T22:47:23Z", "text": "\u6587\u5316\u95ee\u53771--\u7b2c3\u9898?--\u9009\u9879D", "question": 99, "state": "A", "modify_date": "2013-05-24T22:47:23Z", "ord": 4, "type": 1}}, {"pk": 381, "model": "qi.choice", "fields": {"code": "(D)", "create_date": "2013-05-24T22:47:23Z", "text": "\u6587\u5316\u95ee\u53772--\u7b2c3\u9898?--\u9009\u9879D", "question": 100, "state": "A", "modify_date": "2013-05-24T22:47:23Z", "ord": 4, "type": 1}}, {"pk": 382, "model": "qi.choice", "fields": {"code": "(D)", "create_date": "2013-05-24T22:47:23Z", "text": "\u793e\u4f1a\u95ee\u53771--\u7b2c4\u9898?--\u9009\u9879D", "question": 101, "state": "A", "modify_date": "2013-05-24T22:47:23Z", "ord": 4, "type": 1}}, {"pk": 383, "model": "qi.choice", "fields": {"code": "(D)", "create_date": "2013-05-24T22:47:23Z", "text": "\u793e\u4f1a\u95ee\u53772--\u7b2c4\u9898?--\u9009\u9879D", "question": 102, "state": "A", "modify_date": "2013-05-24T22:47:23Z", "ord": 4, "type": 1}}, {"pk": 384, "model": "qi.choice", "fields": {"code": "(D)", "create_date": "2013-05-24T22:47:23Z", "text": "\u5546\u4e1a\u95ee\u53771--\u7b2c4\u9898?--\u9009\u9879D", "question": 103, "state": "A", "modify_date": "2013-05-24T22:47:23Z", "ord": 4, "type": 1}}, {"pk": 385, "model": "qi.choice", "fields": {"code": "(D)", "create_date": "2013-05-24T22:47:23Z", "text": "\u5546\u4e1a\u95ee\u53772--\u7b2c4\u9898?--\u9009\u9879D", "question": 104, "state": "A", "modify_date": "2013-05-24T22:47:23Z", "ord": 4, "type": 1}}, {"pk": 386, "model": "qi.choice", "fields": {"code": "(D)", "create_date": "2013-05-24T22:47:23Z", "text": "\u5b66\u751f\u95ee\u53771--\u7b2c4\u9898?--\u9009\u9879D", "question": 105, "state": "A", "modify_date": "2013-05-24T22:47:23Z", "ord": 4, "type": 1}}, {"pk": 387, "model": "qi.choice", "fields": {"code": "(D)", "create_date": "2013-05-24T22:47:23Z", "text": "\u5b66\u751f\u95ee\u53772--\u7b2c4\u9898?--\u9009\u9879D", "question": 106, "state": "A", "modify_date": "2013-05-24T22:47:23Z", "ord": 4, "type": 1}}, {"pk": 388, "model": "qi.choice", "fields": {"code": "(D)", "create_date": "2013-05-24T22:47:23Z", "text": "\u516c\u76ca\u95ee\u53771--\u7b2c4\u9898?--\u9009\u9879D", "question": 107, "state": "A", "modify_date": "2013-05-24T22:47:23Z", "ord": 4, "type": 1}}, {"pk": 389, "model": "qi.choice", "fields": {"code": "(D)", "create_date": "2013-05-24T22:47:23Z", "text": "\u516c\u76ca\u95ee\u53772--\u7b2c4\u9898?--\u9009\u9879D", "question": 108, "state": "A", "modify_date": "2013-05-24T22:47:23Z", "ord": 4, "type": 1}}, {"pk": 390, "model": "qi.choice", "fields": {"code": "(D)", "create_date": "2013-05-24T22:47:23Z", "text": "\u6587\u5316\u95ee\u53771--\u7b2c4\u9898?--\u9009\u9879D", "question": 109, "state": "A", "modify_date": "2013-05-24T22:47:23Z", "ord": 4, "type": 1}}, {"pk": 391, "model": "qi.choice", "fields": {"code": "(D)", "create_date": "2013-05-24T22:47:23Z", "text": "\u6587\u5316\u95ee\u53772--\u7b2c4\u9898?--\u9009\u9879D", "question": 110, "state": "A", "modify_date": "2013-05-24T22:47:23Z", "ord": 4, "type": 1}}, {"pk": 392, "model": "qi.choice", "fields": {"code": "(D)", "create_date": "2013-05-24T22:47:23Z", "text": "\u793e\u4f1a\u95ee\u53771--\u7b2c5\u9898?--\u9009\u9879D", "question": 111, "state": "A", "modify_date": "2013-05-24T22:47:23Z", "ord": 4, "type": 1}}, {"pk": 393, "model": "qi.choice", "fields": {"code": "(D)", "create_date": "2013-05-24T22:47:23Z", "text": "\u793e\u4f1a\u95ee\u53772--\u7b2c5\u9898?--\u9009\u9879D", "question": 112, "state": "A", "modify_date": "2013-05-24T22:47:23Z", "ord": 4, "type": 1}}, {"pk": 394, "model": "qi.choice", "fields": {"code": "(D)", "create_date": "2013-05-24T22:47:23Z", "text": "\u5546\u4e1a\u95ee\u53771--\u7b2c5\u9898?--\u9009\u9879D", "question": 113, "state": "A", "modify_date": "2013-05-24T22:47:23Z", "ord": 4, "type": 1}}, {"pk": 395, "model": "qi.choice", "fields": {"code": "(D)", "create_date": "2013-05-24T22:47:23Z", "text": "\u5546\u4e1a\u95ee\u53772--\u7b2c5\u9898?--\u9009\u9879D", "question": 114, "state": "A", "modify_date": "2013-05-24T22:47:23Z", "ord": 4, "type": 1}}, {"pk": 396, "model": "qi.choice", "fields": {"code": "(D)", "create_date": "2013-05-24T22:47:23Z", "text": "\u5b66\u751f\u95ee\u53771--\u7b2c5\u9898?--\u9009\u9879D", "question": 115, "state": "A", "modify_date": "2013-05-24T22:47:23Z", "ord": 4, "type": 1}}, {"pk": 397, "model": "qi.choice", "fields": {"code": "(D)", "create_date": "2013-05-24T22:47:23Z", "text": "\u5b66\u751f\u95ee\u53772--\u7b2c5\u9898?--\u9009\u9879D", "question": 116, "state": "A", "modify_date": "2013-05-24T22:47:23Z", "ord": 4, "type": 1}}, {"pk": 398, "model": "qi.choice", "fields": {"code": "(D)", "create_date": "2013-05-24T22:47:23Z", "text": "\u516c\u76ca\u95ee\u53771--\u7b2c5\u9898?--\u9009\u9879D", "question": 117, "state": "A", "modify_date": "2013-05-24T22:47:23Z", "ord": 4, "type": 1}}, {"pk": 399, "model": "qi.choice", "fields": {"code": "(D)", "create_date": "2013-05-24T22:47:23Z", "text": "\u516c\u76ca\u95ee\u53772--\u7b2c5\u9898?--\u9009\u9879D", "question": 118, "state": "A", "modify_date": "2013-05-24T22:47:23Z", "ord": 4, "type": 1}}, {"pk": 400, "model": "qi.choice", "fields": {"code": "(D)", "create_date": "2013-05-24T22:47:23Z", "text": "\u6587\u5316\u95ee\u53771--\u7b2c5\u9898?--\u9009\u9879D", "question": 119, "state": "A", "modify_date": "2013-05-24T22:47:23Z", "ord": 4, "type": 1}}, {"pk": 401, "model": "qi.choice", "fields": {"code": "(D)", "create_date": "2013-05-24T22:47:23Z", "text": "\u6587\u5316\u95ee\u53772--\u7b2c5\u9898?--\u9009\u9879D", "question": 120, "state": "A", "modify_date": "2013-05-24T22:47:23Z", "ord": 4, "type": 1}}, {"pk": 1, "model": "qi.user", "fields": {"create_date": "2013-05-24T15:10:33Z", "name": "\u7528\u6237\u540d1", "phone": "18900000001", "state": "A", "modify_date": "2013-05-24T15:10:34Z", "password": "123456"}}, {"pk": 2, "model": "qi.user", "fields": {"create_date": "2013-05-24T15:11:14Z", "name": "\u7528\u6237\u540d2", "phone": "18900000002", "state": "A", "modify_date": "2013-05-24T15:11:15Z", "password": "123456"}}, {"pk": 3, "model": "qi.user", "fields": {"create_date": "2013-05-24T15:12:31Z", "name": "\u7528\u6237\u540d3", "phone": "18900000003", "state": "A", "modify_date": "2013-05-24T15:12:32Z", "password": "123456"}}]